-- MySQL dump 10.13  Distrib 5.6.28, for Linux (x86_64)
--
-- Host: localhost    Database: ss_system
-- ------------------------------------------------------
-- Server version	5.6.28

/*!40101 SET @OLD_CHARACTER_SET_CLIENT=@@CHARACTER_SET_CLIENT */;
/*!40101 SET @OLD_CHARACTER_SET_RESULTS=@@CHARACTER_SET_RESULTS */;
/*!40101 SET @OLD_COLLATION_CONNECTION=@@COLLATION_CONNECTION */;
/*!40101 SET NAMES utf8 */;
/*!40103 SET @OLD_TIME_ZONE=@@TIME_ZONE */;
/*!40103 SET TIME_ZONE='+00:00' */;
/*!40014 SET @OLD_UNIQUE_CHECKS=@@UNIQUE_CHECKS, UNIQUE_CHECKS=0 */;
/*!40014 SET @OLD_FOREIGN_KEY_CHECKS=@@FOREIGN_KEY_CHECKS, FOREIGN_KEY_CHECKS=0 */;
/*!40101 SET @OLD_SQL_MODE=@@SQL_MODE, SQL_MODE='NO_AUTO_VALUE_ON_ZERO' */;
/*!40111 SET @OLD_SQL_NOTES=@@SQL_NOTES, SQL_NOTES=0 */;

--
-- Table structure for table `black_list`
--

DROP TABLE IF EXISTS `black_list`;
/*!40101 SET @saved_cs_client     = @@character_set_client */;
/*!40101 SET character_set_client = utf8 */;
CREATE TABLE `black_list` (
  `id` int(11) NOT NULL AUTO_INCREMENT,
  `ip` varchar(50) NOT NULL,
  `email` varchar(255) NOT NULL,
  `where` enum('auth','pwd_recover') NOT NULL,
  `datetime` datetime NOT NULL,
  PRIMARY KEY (`id`)
) ENGINE=InnoDB AUTO_INCREMENT=25 DEFAULT CHARSET=utf8;
/*!40101 SET character_set_client = @saved_cs_client */;

--
-- Dumping data for table `black_list`
--

LOCK TABLES `black_list` WRITE;
/*!40000 ALTER TABLE `black_list` DISABLE KEYS */;
INSERT INTO `black_list` VALUES (23,'78.111.49.89','','auth','2016-08-13 16:36:02'),(24,'78.111.49.89','','auth','2016-08-13 16:36:03');
/*!40000 ALTER TABLE `black_list` ENABLE KEYS */;
UNLOCK TABLES;

--
-- Table structure for table `must_captcha_checklist`
--

DROP TABLE IF EXISTS `must_captcha_checklist`;
/*!40101 SET @saved_cs_client     = @@character_set_client */;
/*!40101 SET character_set_client = utf8 */;
CREATE TABLE `must_captcha_checklist` (
  `id` int(11) NOT NULL AUTO_INCREMENT,
  `ip` varchar(50) NOT NULL,
  `datetime` datetime NOT NULL,
  PRIMARY KEY (`id`)
) ENGINE=InnoDB DEFAULT CHARSET=utf8;
/*!40101 SET character_set_client = @saved_cs_client */;

--
-- Dumping data for table `must_captcha_checklist`
--

LOCK TABLES `must_captcha_checklist` WRITE;
/*!40000 ALTER TABLE `must_captcha_checklist` DISABLE KEYS */;
/*!40000 ALTER TABLE `must_captcha_checklist` ENABLE KEYS */;
UNLOCK TABLES;

--
-- Table structure for table `system_user_clients`
--

DROP TABLE IF EXISTS `system_user_clients`;
/*!40101 SET @saved_cs_client     = @@character_set_client */;
/*!40101 SET character_set_client = utf8 */;
CREATE TABLE `system_user_clients` (
  `system_user_id` int(11) NOT NULL,
  `client_id` int(11) NOT NULL,
  `target_database` enum('megastore','bazarstore') DEFAULT NULL,
  UNIQUE KEY `user_id` (`system_user_id`,`client_id`)
) ENGINE=InnoDB DEFAULT CHARSET=utf8;
/*!40101 SET character_set_client = @saved_cs_client */;

--
-- Dumping data for table `system_user_clients`
--

LOCK TABLES `system_user_clients` WRITE;
/*!40000 ALTER TABLE `system_user_clients` DISABLE KEYS */;
INSERT INTO `system_user_clients` VALUES (6,1,'bazarstore'),(42343,1,'bazarstore'),(42349,1,'bazarstore'),(42350,1,'bazarstore'),(42352,1,'bazarstore'),(42353,1,'bazarstore'),(42355,1,'bazarstore'),(42356,1,'bazarstore'),(42357,1,'bazarstore'),(42357,2,'bazarstore'),(42357,3,'bazarstore'),(42363,1,'bazarstore'),(42374,1,'bazarstore'),(42375,1,'bazarstore'),(42376,1,'bazarstore'),(42377,1,'bazarstore'),(42379,1,'bazarstore'),(42380,1,'bazarstore'),(42381,1,'bazarstore'),(42382,1,'bazarstore'),(42383,1,'bazarstore'),(42384,1,'bazarstore'),(42385,1,'bazarstore'),(42386,1,'bazarstore'),(42391,1,'bazarstore'),(42391,2,'bazarstore'),(42394,1,'bazarstore'),(42397,1,'bazarstore'),(42400,1,'bazarstore'),(42401,1,'bazarstore'),(42402,1,'bazarstore'),(42403,1,'bazarstore'),(42410,1,'bazarstore'),(42411,1,'bazarstore'),(42412,1,'bazarstore'),(42417,1,'bazarstore'),(42419,1,'bazarstore'),(42422,1,'bazarstore'),(42423,1,'bazarstore'),(42424,1,'bazarstore'),(42425,1,'bazarstore'),(42425,2,'bazarstore'),(42426,1,'bazarstore'),(42428,1,'bazarstore'),(42429,1,'bazarstore'),(42431,1,'bazarstore'),(42432,1,NULL),(42433,1,'bazarstore'),(42434,1,'bazarstore'),(42435,3,'bazarstore'),(42436,3,'bazarstore'),(42437,2,'bazarstore'),(42439,1,'bazarstore'),(42439,2,'bazarstore'),(42439,3,'bazarstore'),(42440,2,'bazarstore'),(42443,3,'bazarstore'),(42444,2,'bazarstore'),(42444,3,'bazarstore'),(42447,2,'bazarstore'),(42448,1,'bazarstore');
/*!40000 ALTER TABLE `system_user_clients` ENABLE KEYS */;
UNLOCK TABLES;

--
-- Table structure for table `system_users`
--

DROP TABLE IF EXISTS `system_users`;
/*!40101 SET @saved_cs_client     = @@character_set_client */;
/*!40101 SET character_set_client = utf8 */;
CREATE TABLE `system_users` (
  `id` int(11) NOT NULL AUTO_INCREMENT,
  `name` varchar(25) DEFAULT NULL,
  `surname` varchar(25) DEFAULT NULL,
  `gender` enum('male','female') DEFAULT NULL,
  `birthdate` date DEFAULT NULL,
  `mobile_phone_prefix` enum('050','051','055','070','077') DEFAULT NULL,
  `mobile_phone` int(7) DEFAULT NULL,
  `email` varchar(255) NOT NULL,
  `password` varchar(255) NOT NULL,
  `remember_hash` varchar(255) DEFAULT NULL,
  `mobile_remember_hash` varchar(255) DEFAULT NULL,
  `remember_datetime` datetime DEFAULT NULL,
  `reg_datetime` datetime NOT NULL DEFAULT CURRENT_TIMESTAMP,
  PRIMARY KEY (`id`)
) ENGINE=InnoDB AUTO_INCREMENT=42449 DEFAULT CHARSET=utf8;
/*!40101 SET character_set_client = @saved_cs_client */;

--
-- Dumping data for table `system_users`
--

LOCK TABLES `system_users` WRITE;
/*!40000 ALTER TABLE `system_users` DISABLE KEYS */;
INSERT INTO `system_users` VALUES (6,'Qambar','Qabmarov',NULL,NULL,NULL,NULL,'qambar@gmail.com','$2y$10$OkhQxWPbYBR.VX2Vlk2n7.5cCrYIRNB112BpTrup97RI4jpkyYbsq',NULL,NULL,NULL,'2015-12-07 22:46:50'),(7,'Ad','Soyad',NULL,NULL,NULL,NULL,'mail@gmail.com','$2y$10$6IZKJUCEo4BbRh0pf1SHAeVygCEmLTC9C46mBKdsNMu5BW3BM8fRq',NULL,NULL,NULL,'2015-12-06 21:36:27'),(8,'abc','def',NULL,NULL,NULL,NULL,'def@gmail.com','$2y$10$6AN1hyvkdYH26n62NEa6c.2Nqr6mpic6hLubJBZtP0jgAPcKmmqkK',NULL,NULL,NULL,'2015-12-06 21:36:27'),(42342,'Test','Testovich',NULL,NULL,NULL,NULL,'andrey@gmail.com','$2y$10$99Ty5vDPOAJ8toBz9qF5M.6GK5wduJbTgnHZ9jnU1RQzTkuMxSEYW',NULL,NULL,NULL,'2015-12-06 21:36:27'),(42343,'testreg','surname','male',NULL,NULL,NULL,'testreg@gmail.com','$2y$10$bo6iPWorsXVQTRwI4bFM0O.JiUzBJUgVvou/6ja5ZgG3CkKdIvFG2',NULL,'42343_hashed0$lDECAtIvJBQWrnepwKml6.k5/yl6HS.T/Tl8rUH2',NULL,'2015-12-09 22:23:44'),(42344,'ad','soyad',NULL,NULL,NULL,NULL,'gdsgs@gdsgds.com','$2y$10$h6JfOpM1/qi9eSEIq2URROGBZ4Jz5fl2fFi5ib8x8vTZSeGyfw8CS',NULL,NULL,NULL,'2015-12-12 18:20:51'),(42345,'ad','soyad',NULL,NULL,NULL,NULL,'gdswgs@gdsgds.com','$2y$10$aJlkXUcuaH4jDzqvaeux0eTa13quxPxKmcC264aBTwswPnC5bx5qK',NULL,NULL,NULL,'2015-12-12 18:22:38'),(42346,'ad','soyad',NULL,NULL,NULL,NULL,'swgs@gdsgds.com','$2y$10$y1nXWndULUr4t1KMrUBO0OfgOQhuOJkX5soHaswEvjsZ2oWK3dkNa',NULL,NULL,NULL,'2015-12-12 18:24:14'),(42347,'John','Smith',NULL,NULL,NULL,NULL,'ttt@gmail.com','$2y$10$bFFBO8tOkEyrzFU4VYa4xekKsNDy4WQjB.kb/AZgsg9JUj7Eok6NC',NULL,NULL,NULL,'2015-12-13 18:11:50'),(42348,'John','Smith',NULL,NULL,NULL,NULL,'ttet@gmail.com','$2y$10$QW/3.jIcaSUOPXkxHFUEoOb5q2ZwMTJP0ITJzy8hpsANQD9F8mjJi',NULL,NULL,NULL,'2015-12-13 18:12:50'),(42349,'Samir','Aliyev',NULL,NULL,NULL,NULL,'samir@gmail.com','$2y$10$eaqorSM8zf59aUbesSAMC.266noaE5IZoEsiWmg2Zs1lIrt9IbQHC',NULL,NULL,NULL,'2015-12-14 23:41:20'),(42350,'test','test',NULL,NULL,NULL,NULL,'test@gmail.com','$2y$10$UKfo/QoQ.0HjBtCqy567/eFyTmDyl3Ey/NEFPtzF22MeBAs/5FebO',NULL,NULL,NULL,'2015-12-19 20:36:44'),(42351,'Ahmad','Aliyev',NULL,'1992-03-16','055',1234567,'ahmad@gmail.com','$2y$10$WhLr8Tzk1U/hdFrfur.k1OQDKDl8LM6Kkd.sTjyL/b2RCcmk30fU.',NULL,NULL,NULL,'2015-12-20 12:30:22'),(42352,'Test','test',NULL,NULL,NULL,NULL,'aaa@gmail.com','$2y$10$9/wlhBmFWzrr1AXrCOXgrO71uIpC93WMI5zCo3eIBlb6cCj2Lda.S',NULL,NULL,NULL,'2015-12-20 16:56:59'),(42353,'Hasanov','Hasan','male',NULL,'070',5552233,'hasan@gmail.com','$2y$10$pORFbkxn/ett710.oPr6kueIoy2O09yKWHu.3yVHsZV5oJFEhz1Ni',NULL,NULL,NULL,'2015-12-20 18:02:12'),(42354,'Zaur','Hesenov',NULL,NULL,NULL,NULL,'hesenov@gmail.com','$2y$10$EYHM.0qJi/Qfw7913bXHuOltArWvzA/pEinGoqb5RL4KFPQxKOEBu',NULL,NULL,NULL,'2015-12-20 21:13:22'),(42355,'Vugar','Aslanov',NULL,NULL,NULL,NULL,'Doobl2@gmail.com','$2y$10$9zYxfBpQDshDitGE09QHgu4f59CIRGhENeBnIsa/Csx.5XX4/bXQy',NULL,NULL,NULL,'2015-12-20 23:58:20'),(42356,'Vugar','Aslanov',NULL,NULL,NULL,NULL,'Doobl3@gmail.com','$2y$10$bXh87QhVrLuI9AZ0RNHWO.CrKcCC/AF3iLDzAThXp3U/JGZGf64Qa',NULL,NULL,NULL,'2015-12-21 00:07:28'),(42357,'TestName','TestSurname','male',NULL,NULL,NULL,'m_asif@bk.ru','$2y$10$d0073xJXfj1aB8NBwJ2GzeMUD6u5FWQPDLOzRw3eEQQumXOuBjCEq',NULL,NULL,NULL,'2015-12-21 22:18:50'),(42358,'Alex','Nabilskiy',NULL,NULL,NULL,NULL,'nabilskiy@google.com','$2y$10$WG4QaDNp73s9fakjrmFbteXtlzPz3KZVWjUgRR5sVJlYI/MjMDh0y',NULL,NULL,NULL,'2015-12-24 18:52:06'),(42359,'Vasya','Pupkin',NULL,NULL,NULL,NULL,'vasya@gmail.com','$2y$10$CbPMySoJSpoWUZPXHz/e9urWdaDeACzwJBATQdvNqUl4nvKFu.c9K',NULL,NULL,NULL,'2015-12-24 19:38:26'),(42360,'Alex','Alexoff',NULL,NULL,NULL,NULL,'asd@asd.com','$2y$10$dEbkKkYdYzilpUhoNmmfcu3WJF7IvI3f/Ook1CH25b6ftAufHJmpG',NULL,'42360_hashed0$NxGIs2a063LHsNfIqk/iGeB.cHvGfBhgGEtJ9MiX',NULL,'2015-12-24 19:55:51'),(42361,'Alex','Alexoff',NULL,NULL,NULL,NULL,'a@a.a','$2y$10$hTjg6Xn3eLRDmD7XTW0bneYqNjZd6jfLoTbs9tHkDEtzTgcyDKZwu',NULL,NULL,NULL,'2015-12-25 11:14:23'),(42362,'asd','asd',NULL,NULL,NULL,NULL,'d@d.d','$2y$10$UR2qpc7eG3g4RO2G.3c.1.gel5ra3q4XJ2IuOaxizJ17BEeOgmuX.',NULL,NULL,NULL,'2015-12-26 01:37:48'),(42363,'Vasif!','Vasifov',NULL,NULL,NULL,NULL,'vasif@gmail.com','$2y$10$6TDK89R2WvqkBv8YlwS/n.NT/J2AuvU9QxDA0xMP6hk9EaGZvbRva',NULL,NULL,NULL,'2015-12-26 18:24:20'),(42364,'alex','asdfg',NULL,NULL,NULL,NULL,'z@z.r','$2y$10$yc1cE4gdgk3dqg0tIUYtBuOAy8mnG1p1cWvp1bGWM7bV1B5hzBY1i',NULL,NULL,NULL,'2015-12-26 19:06:46'),(42365,'gggg','gghhb',NULL,NULL,NULL,NULL,'j@j.j','$2y$10$YWqWOzT7b8w5UrTqw4/8t.cD45HgTajuBFbigaipAGRHu7YXQODXG',NULL,NULL,NULL,'2015-12-26 20:10:24'),(42366,'ggigu','vuvvu',NULL,NULL,NULL,NULL,'r@r.r','$2y$10$Ag9GwZ6yzyYmsei8ArjkNeupgq6EQXPvMcpSZ3neu1yBMn93Jn6qu',NULL,NULL,NULL,'2015-12-26 20:12:43'),(42367,'ggg','hhggh',NULL,NULL,NULL,NULL,'n@n.n','$2y$10$bUnnbhK8rd4Uek0eY9bbvuik8xS1I8DkIcPN5aQ1U7wgtjqkD/jTq',NULL,NULL,NULL,'2015-12-26 20:18:30'),(42368,'cycugi','vuvuc',NULL,NULL,NULL,NULL,'t@t.t','$2y$10$/6N7b9MX2ibi.REr4voHU.uta8Fbm6F91B6aJDPJEPDIZxC/5LV5e',NULL,NULL,NULL,'2015-12-26 20:52:00'),(42369,'fhyg','hgghh',NULL,NULL,NULL,NULL,'x@x.x','$2y$10$0UIa5TafbLGVWKFLN5l/f.F5qPLopxBOBKZi1Y2a3Sch/qkztyg06',NULL,NULL,NULL,'2015-12-26 20:57:06'),(42370,'ghch','hvjc',NULL,NULL,NULL,NULL,'f@f.f','$2y$10$jS.iP4x0T4K.BYncxLxo3en9PoGtYuXksbFJazWK1jB4EaryDFwNi',NULL,NULL,NULL,'2015-12-26 20:59:09'),(42371,'uv','iggh',NULL,NULL,NULL,NULL,'q@q.q','$2y$10$4x0I.iMXeZgPDJJPF9O9VuI3uBz6eMM2LlGw.ybPXGJOR2Ly6Kpbm',NULL,NULL,NULL,'2015-12-26 21:04:46'),(42372,'gfhgg','ggg',NULL,NULL,NULL,NULL,'v@v.v','$2y$10$1uCrG7.rKvlR5ooe.x0kkuvv.UjckvCYtJVy/gD2FntKATzkjxO62',NULL,NULL,NULL,'2015-12-26 21:29:51'),(42373,'gdsgdsg','gdsgdsgs',NULL,NULL,NULL,NULL,'gdsgsd@gdsgds.com','$2y$10$/PFRu3CgYhpabdAoJgTHf.iRhl5O7kvhYJRPTDvapYy8qSQUMKgP6',NULL,NULL,NULL,'2015-12-27 13:16:38'),(42374,'Zabil','Hesenov','male','1988-02-16',NULL,NULL,'zabil@gmail.com','$2y$10$A8WbQI91sz8zFvTXu5WKVeNu.PwPY2zIDgL2FkldacljV1GbDp.dG',NULL,NULL,NULL,'2015-12-27 15:50:19'),(42375,'','','male',NULL,NULL,NULL,'zzz@gmail.com','$2y$10$6F1MaWs0moCCclOX7p9EcudbNHM1z9L7LKU3M/.eTvQhf3OhupWvC',NULL,NULL,NULL,'2016-01-01 17:18:23'),(42376,'alex','aleeex',NULL,NULL,NULL,NULL,'op@op.op','$2y$10$c3HvlxdKwKtxim2R7MusBOvraedz5JxxPbnk7z22KVO0UOjYY5Wu2',NULL,NULL,NULL,'2016-01-01 20:23:56'),(42377,'Alex','Kelner',NULL,NULL,NULL,NULL,'alex@i.ua','$2y$10$rtRAoaix2ICjYMWxS/Q5JOd62jJ96olkaI0dL6WiqgqOxhnM5V2za',NULL,NULL,NULL,'2016-01-02 23:39:09'),(42378,'bb','bb',NULL,NULL,NULL,NULL,'bb@bb.com','$2y$10$38cyHEMUtL2NkKL7CsgFheS7zl1LE7CipGpx5wUwFaObOtq9VMEt2',NULL,NULL,NULL,'2016-01-03 21:37:56'),(42379,'Tgvv','Hhhhh',NULL,NULL,NULL,NULL,'yy@yy.yy','$2y$10$kdue8Gsntalvu0K0wrqyw.bEvv5yDzTw3g6oZ341GqCgo5Bu.HEqq',NULL,NULL,NULL,'2016-01-05 20:15:14'),(42380,'Нпрр','Ооол',NULL,NULL,NULL,NULL,'ll@ll.ll','$2y$10$jeXTG99Nh3EJDWeLy3kHdecq5mQCLW/dfD/JKcgC8dCSUeo7C.ue.',NULL,NULL,NULL,'2016-01-05 21:02:53'),(42381,'test','test',NULL,NULL,NULL,NULL,'test@test.com','$2y$10$r6JF8RMfuogNbCdRVvWED..ONfrFLia.Svs7qx/H70fqVagxYPATy',NULL,NULL,NULL,'2016-01-05 22:40:50'),(42382,'','',NULL,NULL,NULL,NULL,'nabilskiy11@google.com','$2y$10$8EJl4h7/FKMIwZ7.GMfvS.SqE6.zfc9S39DveOXrSOOekGF5gPBeC',NULL,NULL,NULL,'2016-01-06 15:44:48'),(42383,'Ff','Gggh',NULL,NULL,NULL,NULL,'k@k.k','$2y$10$fURCBm7iwy7mAayRV5O.sOM2Z5LZVva4dquRbOY6/yv3v5vR8Hzt.',NULL,NULL,NULL,'2016-01-06 15:55:30'),(42384,'Urjfhfj','Jdhdhfj',NULL,NULL,NULL,NULL,'sa@sa.sa','$2y$10$PrS6rnDB0U/e5QyzBeE0sOrwMXH/TtCDSDyHingP6sD7f0NjN/snK',NULL,NULL,NULL,'2016-01-06 22:26:29'),(42385,'ttttty','uuuuuu','male','1988-03-02','055',1234567,'bb@bb.bb','$2y$10$OfuAWZxEjnZx3wE6/aTsiuj7fBnMBNdjNeRxha/w9k0keULgdaizO',NULL,NULL,NULL,'2016-01-07 23:53:31'),(42386,'ролрлтт','ррроо','male','1991-02-18','050',5555555,'uu@uu.uu','$2y$10$IeQQLpF2X16Ml5MYoSiLEuw2IB6vUyMC.GsZW1Zr0jXVxV6dUeFiu',NULL,'42386_hashed0$RiIYG34ADl97SWDr6wsA3uAnpz13tZ2Kd0Kc6pM2',NULL,'2016-01-09 15:25:56'),(42387,'vaqid','vaqid',NULL,NULL,NULL,NULL,'vaqid@gmail.com','$2y$10$qyHpd8SO8V0zfXXa4Ce2E.mZGtPCN8fXSPi4faBxtqf3nOqpDFddK',NULL,NULL,NULL,'2016-01-09 20:34:43'),(42388,'zahid','zahid',NULL,NULL,NULL,NULL,'zahid@gmail.com','$2y$10$QkMCAye3iLTL0NHPuK7Ssul5EjdL0Q2WHjhYYTEkIIPcgcgNs4R3i',NULL,NULL,NULL,'2016-01-09 20:37:50'),(42389,'tratra','tratra',NULL,NULL,NULL,NULL,'tratra@gmail.com','$2y$10$f68y7RXX4YFGVvfOZ9YW0eqdqhZlriIINNMX96hZ.xm5yHqAB0K9C',NULL,'42389_hashed0$KKkG15FadwBRl2/4ht0ufeGmlersnxtMlQL3JW72',NULL,'2016-01-09 20:41:05'),(42390,'Ramiz','Ramizov',NULL,NULL,NULL,NULL,'ramiz@gmail.com','$2y$10$XkqBmfVbjwLTWms.aLOhN.ADrvIlbAJCLBPX0Ucoqxx6dP0DWb30m',NULL,'_hashed0$iL2faBFNHMhd/noIjQ.r1OmioFRKD/ttT0hNfO7e',NULL,'2016-01-09 20:44:14'),(42391,'test','testSurname','male','2005-12-31','070',1234567,'ww@ww.ww','$2y$10$BKbCdzby4iCPE9rKzkuILOfCCTHFsB2ry4qVfUWk90OfyagzhVbdq',NULL,'42391_hashed0$zknWN9mQsoJA22W5zJiyQerD0xzA1Nptxo3Iaz1r',NULL,'2016-01-09 21:19:27'),(42392,'Alex','Qwerty',NULL,NULL,NULL,NULL,'qw@qw.qw','$2y$10$mTmIXrVO.0rrEAfWYzplBelSNtU/9etyp/tS26NnxL.YBte/4Jy7W',NULL,'42392_hashed0$08LlX1b6QZDK8kPNKCwUTukWSMIqRLlcENz5megG',NULL,'2016-01-10 12:31:36'),(42393,'Gggh','Yyuj',NULL,NULL,NULL,NULL,'kk@kk.kk','$2y$10$ySq75oWKI9NJQc491iqJqe3CBDuM2o.Nic7pRQkew/6EarFlyXArm',NULL,'42393_hashed0$zqcyd1rfVyaIf8r1Xo7BMuDJbZOXCv9zxlHVzL6I',NULL,'2016-01-10 12:37:52'),(42394,'Jdycy','Vucucu',NULL,NULL,NULL,NULL,'ty@ty.ty','$2y$10$VGbYn2amshyqmzq7XBFqQe36Li1F5QmZjrFv41w8cVenbvxt8XADu',NULL,'42394_hashed0$any6UYDPHZ.ufyCzKJ8PBus4DguW1SqDaDDtsiq1',NULL,'2016-01-11 21:04:05'),(42395,'ada','rogo',NULL,NULL,NULL,NULL,'rr@rr.rr','$2y$10$xlXJFPPFEKhsmMDfM8SEIeF9CW9eYjJ5TI9tfJ8poGuoVwS6aleuy',NULL,'42395_hashed0$Q3xqFlJzVwJL0cv3uD4fqueYsWQiTDXPRh37mdV2',NULL,'2016-01-11 21:17:51'),(42396,'tttt','',NULL,NULL,NULL,NULL,'tt@tt.tt','$2y$10$7yoC4bKavbQe6n4/OeGLbeAePPQSthsfa2ywEPcfCeHbSP2XhS.Ji',NULL,'42396_hashed0$cWY67Xx9ydIHoti0jw501uXVJ9mvrRvtLU6ORKud',NULL,'2016-01-11 21:20:59'),(42397,'Hdyhgjcchxh','Cucufjcjchchcj','male','2006-12-31','050',5555555,'zx@zx.zx','$2y$10$K8a.hS/aDjNiV.pPev.bWuJmO.9j33AQ1ChdFwY6PDNFLaSn6mfzG',NULL,'42397_hashed0$5ya1aY8mztdDJHBchLux2errAcMKUlIkBS2mLb6x',NULL,'2016-01-11 22:08:37'),(42398,'qwerty','qwerty1','male','2002-01-13','051',9999933,'qwerty@gmail.com','$2y$10$BKAdlgS8HW1R0fy28IG16OdXuHTypOYHdTaTrXXDP.RmuzYxYA6am',NULL,'42398_hashed0$jinoRYDrOkqxjZ6Ih7CTkuLdNcKvsEVQ/j.ajlUM',NULL,'2016-01-12 14:18:15'),(42399,'','',NULL,NULL,NULL,NULL,'www@www.www','$2y$10$qQeJmdY5ZG29mnn4nbnKTuIERDkFoTwgQlBtXuZjXAkWK4vj4Imey',NULL,'42399_hashed0$8HzMVSlYQZJlKvD95XcUY.AReTRQLIIU6mUjfq7X',NULL,'2016-01-12 16:21:27'),(42400,'Fgghh','Ggfgj','male','2000-04-24','050',5555555,'vv@vv.vv','$2y$10$aUmB3EY2XTSQ8nTV0pQWR.xu.61qImdCgARbXk7u3qrHaZF9126UK',NULL,'42400_hashed0$aCVtc3TTKHopxbrSgEYTku6FKXGPYLOr8LoOz0ia',NULL,'2016-01-12 23:16:07'),(42401,'Ufuf','Yxycc',NULL,NULL,NULL,NULL,'ee@ee.ee','$2y$10$C2RrXA2aUFV4NNt1soiQhucAoTZQE3cNnCMygMmtcRxuNZkJuiGo2',NULL,'42401_hashed0$e6FGDMNNRBJKkcGBxZD00ucB5zH5H52a1UcPXt12',NULL,'2016-01-13 02:11:28'),(42402,'oooooooo','шаасгсг','male','2003-01-01','055',6555555,'ggg@g.g','$2y$10$KUiP5lSrIsoWI8EWJAqtyedt404PK7jLyTVypvfdTjuUFCpy3jxJu',NULL,'42402_hashed0$c43dna.4JclIN2ygyPUdAOIWt4cXcwQd4Oc34mOq',NULL,'2016-01-13 17:25:03'),(42403,'alex','oyfyfycycu','male','1999-04-23','050',2585258,'s@s.s','$2y$10$lCetT4mCcWAW9Ruy24jcU.eOEPlP/VTb7/1vdtHNuiBX3XVSGIZS6',NULL,'42403_hashed0$TCeUAjGxH9ZS9U1.DCnyae8p.AtgZnTVfWSYyp4w',NULL,'2016-01-13 18:53:52'),(42404,'Qurban','Qurbanov',NULL,NULL,NULL,NULL,'qurban.qurbanov93@gmail.com','$2y$10$G4wPMUtKzDV7nmKW./taX.Z1MUoGWEShfah93ttV7tPxXrikzDg4S',NULL,NULL,NULL,'2016-01-14 00:28:50'),(42405,'yuliya','gordienko','female','2000-05-26','070',1234562,'juliette4590@i.ua','$2y$10$UAZw0nWvxojkOKWGcMszdORdq8tucbnf5upkHK2rN88cKrHQ9hXg2',NULL,'42405_hashed0$/r95nvxeVUPrl9feqFDLNujD3P8YnMAoc002E.0u',NULL,'2016-01-14 18:44:38'),(42406,'yuliya','gordienko',NULL,NULL,NULL,NULL,'juliette4590@i.ua','$2y$10$UAZw0nWvxojkOKWGcMszdORdq8tucbnf5upkHK2rN88cKrHQ9hXg2',NULL,'42406_hashed0$FzoJhWO1OuoeoSIQSmRVq.lgZ0opajNvPGF14/ke',NULL,'2016-01-14 18:44:39'),(42407,'yuliya','gordienko',NULL,NULL,NULL,NULL,'juliette4590@i.ua','$2y$10$UAZw0nWvxojkOKWGcMszdORdq8tucbnf5upkHK2rN88cKrHQ9hXg2',NULL,'42407_hashed0$urnKQ4wMDIdjJ3uFzDzgEuM4A4mE8zAJlI.SZkho',NULL,'2016-01-14 18:44:39'),(42408,'yuliya','gordienko',NULL,NULL,NULL,NULL,'juliette4590@i.ua','$2y$10$UAZw0nWvxojkOKWGcMszdORdq8tucbnf5upkHK2rN88cKrHQ9hXg2',NULL,'42408_hashed0$1f8PjXo.hrPW7ToIhNofhe9iUIJgB/ZjnChFEUDi',NULL,'2016-01-14 18:44:39'),(42409,'qwerty','qwerty1','male','2005-12-31',NULL,NULL,'qwerty12@gmail.com','$2y$10$5Yt6qWqBFkverKozxXbYmOS1ykon701PFxe8GkBRbpPmwPr9y2Rf2',NULL,'42409_hashed0$xJl2uQFmm.IZCWMTz.8GyeCtMzrqN3fb8o10rGhe',NULL,'2016-01-15 14:42:37'),(42410,'Fkghchch','Ufuccucu',NULL,NULL,NULL,NULL,'hhh@h.h','$2y$10$OoTk/XXJOcPre.zDExRNY.e/oX8vYCG/Diau2xzyxeb1sgj00CWOq',NULL,'42410_hashed0$3lUdLLjU14/EuqFbw7TDYOlquenHynfA5qnCXLSe',NULL,'2016-01-15 16:17:47'),(42411,'Лиза','тестер',NULL,NULL,NULL,NULL,'elise.sklyar@gmail.com','$2y$10$rMG/vtcFh5qisKG8jnHC1uuYL/gvMiQsKm15YhozLxvSwGFNm8bUi',NULL,'42411_hashed0$.DmhQTIYKH/JPaDsm74tJulOJ2/.pIYAULZQ/xWG',NULL,'2016-01-18 12:26:16'),(42412,'liza ','test','male','2005-12-31','055',5556677,'qwe@ukr.net','$2y$10$i8I3S.7Epo8dxOG2Q07xWecd2rgAnSgwMwPWdm.2JycFrt51xSsMm',NULL,'42412_hashed0$osYA0DCymj8TuDxpKN5UR.YGAKSUmkAXBERTt.dm',NULL,'2016-01-18 14:47:36'),(42413,'Прасковья','Третья',NULL,NULL,NULL,NULL,'praskovyaseasons@gmail.col','$2y$10$mqG6ni/VpZFx5DhvCI3pNe5Jf2vFl0W19442ybKEimKuKwLP5LLEi',NULL,'42413_hashed0$6cNpKYWBSUECufee8NIfFOcyQdriJMmPYRl6.XgX',NULL,'2016-01-19 01:17:02'),(42414,'Juliya','Juliya',NULL,NULL,NULL,NULL,'sweety99081@rambler.ru','$2y$10$FlBwsxy7rC5BcNrtKsh.WODTqwxkK98q7FYJWotBoAAF.4532vzwq',NULL,'42414_hashed0$lTkEaBlcKkI6NBNRcauXc.JJZrpvsohXxODrVEhq',NULL,'2016-01-19 01:21:46'),(42415,'Juliya','Juliya',NULL,NULL,NULL,NULL,'sweety99081@rambler.ru','$2y$10$tVWLv4U.SrZ/6nUWVVfJk.E1c/QS.47rlmnKuI/AI9mvSyZlBjDeW',NULL,'42415_hashed0$wuK0fgfaHXczz0YZv7ZXHeUoTDimBAH0U3no0NNb',NULL,'2016-01-19 01:21:46'),(42416,'Juliya','Juliya',NULL,NULL,NULL,NULL,'sweety99081@rambler.ru','$2y$10$BwqE2JjeMiPL/wCG/EZ8TuimOODR5wxZuWMpLecJNp1DWpVzngQD6',NULL,'42416_hashed0$p.44P45jhhyp8.kkyd5vcuzGlsXKWyA48zmQxSdw',NULL,'2016-01-19 01:21:47'),(42417,'Итто','Оооо',NULL,NULL,NULL,NULL,'nn@nn.nn','$2y$10$ByCXLcvbomp5mQw/ro7CFuEYBXC9d6fIprzC3TUFpY4tx6/21pG6C',NULL,'42417_hashed0$lUxab8ut7h08N093vyrIOeecq3N7dmVk8TxJs/oF',NULL,'2016-01-19 01:22:15'),(42418,'Gugugu','Gygb',NULL,NULL,NULL,NULL,'gt@gt.gt','$2y$10$xyEtPH1sP94tprG9OURh8.URPE5zhB8QqQDRUWSvDc1H4R2JOOw1m',NULL,'42418_hashed0$1XAq5EJnmsxFNAYJZxV37.AwK3FA0iLKCbXWlc2A',NULL,'2016-01-19 03:13:53'),(42419,'Ннн','Оорл',NULL,NULL,NULL,NULL,'xc@xc.xc','$2y$10$Z3J75vBV35WNv2GcBGkA6eyVIxD0wKBHFuWejOXKs6mFYliABvLKi',NULL,'42419_hashed0$YrtKiNd5nzVKKWyHrRLdyu9XfXNzNfalR.9As2w0',NULL,'2016-01-20 01:45:54'),(42420,'Yuliya','Gordienko',NULL,NULL,NULL,NULL,'styxx@i.ua','$2y$10$g.MBkQ0dfgjIvGqUTwx28.ueK3IAEcXd.SoqZAgXfdIjVcsDAOrMC',NULL,'42420_hashed0$0JkYKRh83OAX55g1RDLUt.0YobuoxjqtHpHib5ZF',NULL,'2016-01-20 18:11:33'),(42421,'Yuliya','Gordienko',NULL,NULL,NULL,NULL,'yulia.gordienko@learn-solve.com','$2y$10$jwbBvBrO9ET/e7KXFmfBAevB.vcXS2eyU9QF7mJRRGZ4bGTKSBbeW',NULL,'42421_hashed0$KrmMpe9LUVwfTh4iIiGTY.JFfi6Oow0tAejttHtG',NULL,'2016-01-20 19:06:09'),(42422,'Yuliya','Gordienko-Minzak','female','1993-01-01','050',4567852,'brilliantsuccess88@gmail.com','$2y$10$DRKHKJW2JeZDSjKsrsmLW.I9TvpGjR5S4GON9i7ET.gZLX1wPxdtW',NULL,'42422_hashed0$gJm2G/Wx8I3Gu9b8DLkCuO6DbLNkSWGBjGeJx4YL',NULL,'2016-01-21 15:41:25'),(42423,'lizza','li',NULL,NULL,NULL,NULL,'wer@ukr.net','$2y$10$xkozk9cWHiP7PaOVbot1rOaI9jBZoGBhutAn6WGdOrSiGO9JO4IM6',NULL,'42423_hashed0$JGmYncrfKVkLsHQD1MNg6uNIk/2bIiDBTN4lzChi',NULL,'2016-01-21 16:41:56'),(42424,'vugar','aslanov',NULL,NULL,NULL,NULL,'v.aslanov@gmail.com','$2y$10$kppIxwjRzrE4i7va99byE.zluwxBBLG8ZlUChBcShWEKcOw16OXdW',NULL,'42424_hashed0$0R1UtyF.6q7xedqTpFuFz.RIsZxOGGQVDpkunWnd',NULL,'2016-01-21 21:57:04'),(42425,'Emin','Zamanov','male','1982-05-26','055',3533550,'emin.zamanov@smartsay.az','$2y$10$tbV2nH/iEHi6PfJBULpkD./q0leRYx78EvLvE30MhZQQtF/V2Z28u',NULL,'42425_hashed0$GiJaxwW03NQLQUd/PwolaeFzqKcWt4mP0yn/4rWn',NULL,'2016-01-21 23:37:13'),(42426,'vugar','aslanov',NULL,NULL,NULL,NULL,'aslanoff.v@gmail.com','$2y$10$4DVlG95mupq65TyKJh8blOUC2A1UabHUIo6sDlBiXYwZ.cndGIkAW',NULL,'42426_hashed0$lTCogDDa4iVu2NDGBSUuCerQOvP8INLgliamOHHy',NULL,'2016-01-22 13:30:51'),(42427,'test','test','male','2005-12-31','055',2222222,'testuser@gmail.com','$2y$10$OqLGg4VOUYFrw0KdV7rMpeZgv6tZw.4DFJ545KQN119szLdMOiv9W',NULL,'42427_hashed0$GPqvwro3ZBShJ.FNQv2jw.4ZurUR.g6ABQ2K02GY',NULL,'2016-01-24 20:17:20'),(42428,'Vugar','Aslanov',NULL,NULL,NULL,NULL,'4vugar@gmail.com','$2y$10$mOXK8qys9MIqdCcZthjba.ttDnY6i3d4XglMCCFrVMYWcGkTO1TkW',NULL,'42428_hashed0$QvFODWbxEA6uUuKCny/2ouVsaoYHFoJ5A4V03OHd',NULL,'2016-01-24 22:01:56'),(42429,'    VUFA','Aslan',NULL,NULL,NULL,NULL,'vugush6@hotmail.com','$2y$10$nurDczzO/dDWOKKYNKq8IuPNxmNkQxM1P9m3ETJeERRxNPhiHjuka',NULL,'42429_hashed0$/ckMPgd9QjF9MbOOeWeXo.03SlO4iiFMt4Jdwtu5',NULL,'2016-01-25 18:13:37'),(42430,'Farid','Mammadov',NULL,NULL,NULL,NULL,'mamedov@gmail.com','$2y$10$v.vi8YtyIP4RmZt8rZYqTOv76Dy.KdseRezoXyTsKBlHM/CxTDGCS',NULL,'42430_hashed0$9ZRqyEhfLJ5aef6hjkxTk.8yEHXyi5sqRJX4qmjH',NULL,'2016-02-05 19:13:17'),(42431,'Alex','Frame',NULL,NULL,NULL,NULL,'asd@dsa.asd','$2y$10$x2PxBZ6vZxgCtRuSrmVkh.uvT/76U0dpRwa.zZ8bHJRoYisVR2m56',NULL,'42431_hashed0$MBsM7uaGVvR998zmakxRvurj6a.H0f1MiVqYN8MV',NULL,'2016-02-18 15:05:24'),(42432,'zaurius','zaurius',NULL,NULL,NULL,NULL,'zaurius@gmail.com','$2y$10$liyRMFelt7/ejoWScX4R7u.z4CqYD7PmA2/Sc8zBbWNuAMhGErSbC',NULL,NULL,NULL,'2016-02-19 21:29:10'),(42433,'samirus','samirus','female',NULL,NULL,NULL,'samirus@gmail.com','$2y$10$dWQYxmPcAMQq5tnZ4GpwPeqhOPGRgd3LQfPVZrtrggqzN/GmUvDtW',NULL,NULL,NULL,'2016-02-19 21:39:42'),(42434,'bzbzbzbzb','bzbzbzbzb',NULL,NULL,NULL,NULL,'bzbzbzbzb@gdsgdsgds.com','$2y$10$EQ5gsbVNRPEMS5pGUIBmlOKhDceyfTkA4FNfD4nR.TnVBIWWQYXSi',NULL,NULL,NULL,'2016-02-21 16:58:23'),(42435,'Vugar','Aslanov',NULL,NULL,NULL,NULL,'tamikvugi@gmail.com','$2y$10$OJyhd1LE1.UE6Bh1gGYeteGtbHY9x6sWupZUTQWz5mOq.9flJn.O2',NULL,'42435_hashed0$/Mq53zrQ9mMnZIw.waZ98O87isEjAdv6mWpfIEwb',NULL,'2016-02-22 23:27:02'),(42436,'Vugar','Aslanov',NULL,NULL,NULL,NULL,'Aslav1@gmail.com','$2y$10$OGdWsO6.UTA944Qtkm/YE.pytD5HwVIPekfCqc5J2pGM4NKU7xyB2',NULL,NULL,NULL,'2016-02-22 23:38:07'),(42437,'Alex','CuboRubo',NULL,NULL,NULL,NULL,'za@za.za','$2y$10$IexhNUD6VUOr60Ql5nMA2ezAEaZ6zNmObahvhAvqeMfQE8t.MrGy2',NULL,'42437_hashed0$aVHgv/LkqKExZXmf/Ud6GewviWYjS4mTivqcmiPN',NULL,'2016-02-23 13:42:40'),(42438,'','',NULL,NULL,NULL,NULL,'q1@q1.com','$2y$10$nPLm2fw6zJrB3lIpojQIjO1cu.ADSgpUGIrxWMgFtjCX2glOcii.a',NULL,'42438_hashed0$74dEPudT34Y0/v7bQxBcKeLbilVmxpFJX6CGV2RB',NULL,'2016-02-23 14:03:54'),(42439,'Hdjdjf','Hfjrjrj',NULL,NULL,NULL,NULL,'fa@f.f','$2y$10$eIBji8zeELDdPATsuuvseeqp8nZlqpgPQ7.LunfgIdJvdAGTMucW.',NULL,'42439_hashed0$Ls7VnfmsuhK5rMX1k.VF.OCy5ucgTRt3cNMMH.Uk',NULL,'2016-02-23 16:20:09'),(42440,'','',NULL,NULL,NULL,NULL,'www@ww.ww','$2y$10$xwgJIHljCqXn1rQdAv/g3.Hn/2qMk4gguzBe7brzxN74elk4vnwwG',NULL,'42440_hashed0$xNYbKSCmyv6QtU8VT6vpEO2dUe0tdRkrZVYyxBuK',NULL,'2016-02-24 14:33:53'),(42441,'     Vugar','Aslan',NULL,NULL,NULL,NULL,'djvugs@gmail.com','$2y$10$HZ4bSKBdnPpEleG4nBTyQunY7EfU0x/ObXDbG0sd3X0JEje/ylvku',NULL,'42441_hashed0$DVtqfmBYyQ8fhGXUyzWTHOMZICkwT5ehdp48fAa.',NULL,'2016-02-25 18:28:50'),(42442,'Voog','Adl',NULL,NULL,NULL,NULL,'vugus@hotmail.com','$2y$10$ulVjZWSLJOmJ4oxpCjkYJe3CjQd7dcwjzbME6MqpJnDdOe760Qg4e',NULL,'42442_hashed0$h4DPMUCEe5FuKGCFTPb/cucwueHvjFdVCqcGCRO6',NULL,'2016-02-25 18:40:45'),(42443,'Vugar','Aslanov',NULL,NULL,NULL,NULL,'vugar.aslanov@proexs.com','$2y$10$qNVm6ZeTxPoxLOrBOmf.MuTcXWIkn2/BRu4rJkAGoYz5aC9yqGC6a',NULL,'42443_hashed0$qZwlhnxGK4xLiejGCO9zlOfwiNZGDUyHBjZEd3pL',NULL,'2016-02-25 18:48:42'),(42444,'fksjfskj','fksjfskj',NULL,NULL,NULL,NULL,'fksjfskj@gdsgdsgds.com','$2y$10$610vlijMD6SyN9nNjSYqi.PQ7P79eVxrXt.DzcknJLl5gPdPwnppK',NULL,NULL,NULL,'2016-02-26 00:42:34'),(42445,'vugar','aslanov',NULL,NULL,NULL,NULL,'aslav1@mail.ru','$2y$10$0i/BAF23alOOellIoapFbO3H.FH9xaNRCUYh.J5cwt3kc22q0Ivoi',NULL,'42445_hashed0$ivGXOemvlWpZFXsouJ6d5OWU15d8TnZdRxoBwzQt',NULL,'2016-02-26 01:12:52'),(42446,'Ruslan','Farza',NULL,NULL,NULL,NULL,'ruslan136@gmail.com','$2y$10$kaj./vrF4UvYfdFDHb5b2egPHpJvoNlvryeeOTbOmvFkQiQl6E396',NULL,NULL,NULL,'2016-03-04 12:45:17'),(42447,'','',NULL,NULL,NULL,NULL,'qq@qq.qq','$2y$10$ckuPeH16XkYLKUa7BEBOqOQdMKIxRTjKX/iJgZExb54GnzfO2bBra',NULL,'42447_hashed0$VeaS/w6hHEYO52SFGLEoy.2gYjAnYXJ8JDZpcR1n',NULL,'2016-05-05 21:58:06'),(42448,'Vugar','Aslanov',NULL,NULL,NULL,NULL,'vuggar@smar.az','$2y$10$wDAMD4o5cnHxmfBiWRkjheaa/jWSiPMaGuPcYAlAvBCgwmaKyt6Ny',NULL,'42448_hashed0$WuOb5tbCcUBOTeym3B/GFeAWBX1.BTx9uB2QeK.o',NULL,'2016-05-05 22:34:03');
/*!40000 ALTER TABLE `system_users` ENABLE KEYS */;
UNLOCK TABLES;
/*!40103 SET TIME_ZONE=@OLD_TIME_ZONE */;

/*!40101 SET SQL_MODE=@OLD_SQL_MODE */;
/*!40014 SET FOREIGN_KEY_CHECKS=@OLD_FOREIGN_KEY_CHECKS */;
/*!40014 SET UNIQUE_CHECKS=@OLD_UNIQUE_CHECKS */;
/*!40101 SET CHARACTER_SET_CLIENT=@OLD_CHARACTER_SET_CLIENT */;
/*!40101 SET CHARACTER_SET_RESULTS=@OLD_CHARACTER_SET_RESULTS */;
/*!40101 SET COLLATION_CONNECTION=@OLD_COLLATION_CONNECTION */;
/*!40111 SET SQL_NOTES=@OLD_SQL_NOTES */;

-- Dump completed on 2016-09-15 23:42:42
